{
  "0": {
    "zone_id": 0,
    "zone_name": "Zone_1",
    "n_farms": 95,
    "percentage": 50.0,
    "avg_total_rainfall": 3068.611947039043,
    "std_total_rainfall": 1442.3085276112977,
    "avg_mean_rainfall": 36.53109460760766,
    "std_mean_rainfall": 17.170339614420215,
    "avg_rainy_days_percent": 50.939849624060145,
    "std_rainy_days_percent": 5.653314582663525,
    "avg_max_dry_spell": 5.821052631578947,
    "std_max_dry_spell": 1.8961267764892717,
    "avg_cv_rainfall": 1.81687644572604,
    "std_cv_rainfall": 0.19572736030748542,
    "avg_seasonality_index": 0.8922074473612914,
    "std_seasonality_index": 0.1726712878182968,
    "zone_type": "Low Rainfall Zone",
    "drought_risk": "Moderate",
    "rainfall_regime": "Seasonal",
    "monthly_pattern": {
      "1": 65.00501542867043,
      "2": 61.32051398599251,
      "3": 67.18733411094068,
      "4": 51.61688649926047,
      "5": 35.51448177147071,
      "6": 22.102012370551012,
      "7": 12.905074554433856,
      "8": 7.272331893842555,
      "9": 10.665504609319912,
      "10": 22.057871290387098,
      "11": 33.0879461756689,
      "12": 49.63816260075383
    },
    "wettest_month": 3,
    "driest_month": 8,
    "premium_multiplier": 1.3,
    "risk_score": 6
  },
  "1": {
    "zone_id": 1,
    "zone_name": "Zone_2",
    "n_farms": 63,
    "percentage": 33.1578947368421,
    "avg_total_rainfall": 314.5006744352345,
    "std_total_rainfall": 269.7887951164753,
    "avg_mean_rainfall": 3.744055648038506,
    "std_mean_rainfall": 3.21177137043423,
    "avg_rainy_days_percent": 30.253212396069536,
    "std_rainy_days_percent": 4.740904734794617,
    "avg_max_dry_spell": 10.444444444444445,
    "std_max_dry_spell": 3.43500846492725,
    "avg_cv_rainfall": 2.63370182574915,
    "std_cv_rainfall": 0.3824928404370644,
    "avg_seasonality_index": 1.0923807951881461,
    "std_seasonality_index": 0.21147312249540146,
    "zone_type": "Arid/Semi-Arid Zone",
    "drought_risk": "High",
    "rainfall_regime": "Seasonal",
    "monthly_pattern": {
      "1": 7.716070638611223,
      "2": 6.311840978604753,
      "3": 4.573782145251053,
      "4": 4.953357632636095,
      "5": 3.9200574157429906,
      "6": 2.206458511881182,
      "7": 1.180446198345227,
      "8": 0.8538815664615871,
      "9": 1.336639046628923,
      "10": 2.4544784707092493,
      "11": 3.7230459157136018,
      "12": 5.698609255876181
    },
    "wettest_month": 1,
    "driest_month": 8,
    "premium_multiplier": 1.8,
    "risk_score": 8
  },
  "2": {
    "zone_id": 2,
    "zone_name": "Zone_3",
    "n_farms": 32,
    "percentage": 16.842105263157894,
    "avg_total_rainfall": 7998.738189491775,
    "std_total_rainfall": 1737.3711193725305,
    "avg_mean_rainfall": 95.2230736844259,
    "std_mean_rainfall": 20.68298951633965,
    "avg_rainy_days_percent": 50.81845238095238,
    "std_rainy_days_percent": 6.944490161505577,
    "avg_max_dry_spell": 5.59375,
    "std_max_dry_spell": 2.0613083067517755,
    "avg_cv_rainfall": 1.7398324664975626,
    "std_cv_rainfall": 0.20297517355527772,
    "avg_seasonality_index": 0.8505404772208025,
    "std_seasonality_index": 0.15831293998608534,
    "zone_type": "Moderate Rainfall, Regular",
    "drought_risk": "Low",
    "rainfall_regime": "Seasonal",
    "monthly_pattern": {
      "1": 140.0036310945544,
      "2": 169.8207057679742,
      "3": 170.00107101395253,
      "4": 146.18044769153926,
      "5": 88.16077260797303,
      "6": 68.17721234157965,
      "7": 33.55125711321183,
      "8": 20.31445780052541,
      "9": 34.27406575982165,
      "10": 43.33119065438987,
      "11": 78.36625524259313,
      "12": 150.49581712499568
    },
    "wettest_month": 3,
    "driest_month": 8,
    "premium_multiplier": 1.0,
    "risk_score": 4
  }
}